track_name,artists,streams,released_year
Seven (feat. Latto) (Explicit Ver.),Latto,141381703,2023
Seven (feat. Latto) (Explicit Ver.),Jung Kook,141381703,2023
LALA,Myke Towers,133716286,2023
vampire,Olivia Rodrigo,140003974,2023
Cruel Summer,Taylor Swift,800840817,2019
WHERE SHE GOES,Bad Bunny,303236322,2023
Sprinter,Dave,183706234,2023
Sprinter,Central Cee,183706234,2023
Ella Baila Sola,Eslabon Armado,725980112,2023
Ella Baila Sola,Peso Pluma,725980112,2023
Columbia,Quevedo,58149378,2023
fukumean,Gunna,95217315,2023
La Bebe - Remix,Peso Pluma,553634067,2023
La Bebe - Remix,Yng Lvcas,553634067,2023
un x100to,Bad Bunny,505671438,2023
un x100to,Grupo Frontera,505671438,2023
Super Shy,NewJeans,58255150,2023
Flowers,Miley Cyrus,1316855716,2023
Daylight,David Kushner,387570742,2023
As It Was,Harry Styles,2513188493,2022
Kill Bill,SZA,1163093654,2022
Cupid - Twin Ver.,Fifty Fifty,496795686,2023
"What Was I Made For? [From The Motion Picture ""Barbie""]",Billie Eilish,30546883,2023
Classy 101,Feid,335222234,2023
Classy 101,Young Miko,335222234,2023
Like Crazy,Jimin,363369738,2023
LADY GAGA,Gabito Ballesteros,86444842,2023
LADY GAGA,Junior H,86444842,2023
LADY GAGA,Peso Pluma,86444842,2023
I Can See You (Taylor???s Version) (From The,Taylor Swift,52135248,2023
I Wanna Be Yours,Arctic Monkeys,1297026226,2013
"Peso Pluma: Bzrp Music Sessions, Vol. 55",Bizarrap,200647221,2023
"Peso Pluma: Bzrp Music Sessions, Vol. 55",Peso Pluma,200647221,2023
Popular (with Playboi Carti & Madonna) - The Idol Vol. 1 (Music from the HBO Original Series),The Weeknd,115364561,2023
Popular (with Playboi Carti & Madonna) - The Idol Vol. 1 (Music from the HBO Original Series),Madonna,115364561,2023
Popular (with Playboi Carti & Madonna) - The Idol Vol. 1 (Music from the HBO Original Series),Playboi Carti,115364561,2023
SABOR FRESA,Fuerza Regida,78300654,2023
Calm Down (with Selena Gomez),R??ma,899183384,2022
Calm Down (with Selena Gomez),Selena G,899183384,2022
MOJABI GHOST,Tainy,61245289,2023
MOJABI GHOST,Bad Bunny,61245289,2023
Last Night,Morgan Wallen,429829812,2023
Dance The Night (From Barbie The Album),Dua Lipa,127408954,2023
Rush,Troye Sivan,22581161,2023
TULUM,Peso Pluma,52294266,2023
TULUM,Grupo Frontera,52294266,2023
Creepin',The Weeknd,843957510,2022
Creepin',21 Savage,843957510,2022
Creepin',Metro Boomin,843957510,2022
Anti-Hero,Taylor Swift,999748277,2022
TQG,Karol G,618990393,2023
TQG,Shakira,618990393,2023
Los del Espacio,Big One,123122413,2023
Los del Espacio,Duki,123122413,2023
Los del Espacio,Lit Killah,123122413,2023
Los del Espacio,Maria Becerra,123122413,2023
Los del Espacio,FMK,123122413,2023
Los del Espacio,Rusherking,123122413,2023
Los del Espacio,Emilia,123122413,2023
Los del Espacio,Tiago pzk,123122413,2023
Fr??gil (feat. Grupo Front,Yahritza Y Su Esencia,188933502,2023
Fr??gil (feat. Grupo Front,Grupo Frontera,188933502,2023
Blank Space,Taylor Swift,1355959075,2014
Style,Taylor Swift,786181836,2014
TQM,Fuerza Regida,176553476,2023
El Azul,Junior H,354495408,2023
El Azul,Peso Pluma,354495408,2023
Sunflower - Spider-Man: Into the Spider-Verse,Post Malone,2808096550,2018
Sunflower - Spider-Man: Into the Spider-Verse,Swae Lee,2808096550,2018
I'm Good (Blue),Bebe Rexha,1109433169,2022
I'm Good (Blue),David Guetta,1109433169,2022
See You Again,Tyler,1047101291,2017
See You Again,The Creator,1047101291,2017
See You Again,Kali Uchis,1047101291,2017
Barbie World (with Aqua) [From Barbie The Album],Nicki Minaj,65156199,2023
Barbie World (with Aqua) [From Barbie The Album],Aqua,65156199,2023
Barbie World (with Aqua) [From Barbie The Album],Ice Spice,65156199,2023
Angels Like You,Miley Cyrus,570515054,2020
I Ain't Worried,OneRepublic,1085685420,2022
Die For You,The Weeknd,1647990401,2016
Starboy,The Weeknd,2565529693,2016
Starboy,Daft Punk,2565529693,2016
Die For You - Remix,Ariana Grande,518745108,2023
Die For You - Remix,The Weeknd,518745108,2023
El Cielo,Feid,107753850,2023
El Cielo,Myke Towers,107753850,2023
El Cielo,Sky Rompiendo,107753850,2023
Baby Don't Hurt Me,David Guetta,177740666,2023
Baby Don't Hurt Me,Anne-Marie,177740666,2023
Baby Don't Hurt Me,Coi Leray,177740666,2023
AMARGURA,Karol G,153372011,2023
(It Goes Like) Nanana - Edit,Peggy Gou,57876440,2023
Another Love,Tom Odell,1813673666,2012
Blinding Lights,The Weeknd,3703895074,2019
Moonlight,Kali Uchis,256483385,2023
La Bachata,Manuel Turizo,1214083358,2022
S91,Karol G,16011326,2023
cardigan,Taylor Swift,812019557,2020
T??,dennis,111947664,2023
T??,MC Kevin o Chris,111947664,2023
Boy's a liar Pt. 2,PinkPantheress,156338624,2023
Boy's a liar Pt. 2,Ice Spice,156338624,2023
Left and Right (Feat. Jung Kook of BTS),Charlie Puth,720434240,2022
Left and Right (Feat. Jung Kook of BTS),BTS,720434240,2022
Left and Right (Feat. Jung Kook of BTS),Jung Kook,720434240,2022
BESO,Rauw Alejandro,357925728,2023
BESO,ROSAL?,357925728,2023
Hey Mor,Ozuna,674072710,2022
Hey Mor,Feid,674072710,2022
Yellow,Chris Molitor,1755214421,1999
Karma,Taylor Swift,404562836,2022
People,Libianca,373199958,2022
Overdrive,Post Malone,14780425,2023
Enchanted (Taylor's Version),Taylor Swift,39578178,2023
BABY HELLO,Rauw Alejandro,54266102,2023
BABY HELLO,Bizarrap,54266102,2023
Heat Waves,Glass Animals,2557975762,2020
golden hour,JVKE,751134527,2022
Sweater Weather,The Neighbourhood,2282771485,2012
"Quevedo: Bzrp Music Sessions, Vol. 52",Bizarrap,1356565093,2022
"Quevedo: Bzrp Music Sessions, Vol. 52",Quevedo,1356565093,2022
Viva La Vida,Coldplay,1592909789,2008
Here With Me,d4vd,635412045,2022
Unholy (feat. Kim Petras),Sam Smith,1230675890,2022
Unholy (feat. Kim Petras),Kim Petras,1230675890,2022
Yandel 150,Yandel,585695368,2022
Yandel 150,Feid,585695368,2022
CORAZ??N VA,Maria Becerra,43857627,2023
Riptide,Vance Joy,2009094673,1975
Until I Found You (with Em Beihold) - Em Beihold Version,Em Beihold,600976848,2022
Until I Found You (with Em Beihold) - Em Beihold Version,Stephen Sanchez,600976848,2022
Novidade na ??,Mc Livinho,39709092,2023
Novidade na ??,DJ Matt D,39709092,2023
Back To December (Taylor's Version),Taylor Swift,39228929,2023
STAY (with Justin Bieber),Justin Bieber,2665343922,2021
STAY (with Justin Bieber),The Kid Laroi,2665343922,2021
El Merengue,Marshmello,223633238,2023
El Merengue,Manuel Turizo,223633238,2023
Someone You Loved,Lewis Capaldi,2887241814,2018
Me Porto Bonito,Chencho Corleone,1440757818,2022
Me Porto Bonito,Bad Bunny,1440757818,2022
Makeba,Jain,165484133,2015
MONTAGEM - FR PUNK,Ayparia,58054811,2012
MONTAGEM - FR PUNK,unxbected,58054811,2012
Fast Car,Luke Combs,157058870,2023
What It Is (Solo Version),Doechii,95131998,2023
Coco Chanel,Bad Bunny,250305248,2023
Coco Chanel,Eladio Carrion,250305248,2023
Don???t Bl,Taylor Swift,685032533,2017
Still With You,Jung Kook,38411956,2020
All My Life (feat. J. Cole),J. Cole,144565150,2023
All My Life (feat. J. Cole),Lil Durk,144565150,2023
Say Yes To Heaven,Lana Del Rey,127567540,2023
Snooze,SZA,399686758,2022
Summertime Sadness,Lana Del Rey,983637508,2011
Take Two,BTS,118482347,2023
Lover,Taylor Swift,882831184,2012
Too Many Nights (feat. Don Toliver & with Future),Future,286400165,2022
Too Many Nights (feat. Don Toliver & with Future),Metro Boomin,286400165,2022
Too Many Nights (feat. Don Toliver & with Future),Don Toliver,286400165,2022
Chemical,Post Malone,172825906,2023
Mockingbird,Eminem,1241559043,2004
New Jeans,NewJeans,29562220,2023
Primera Cita,Carin Leon,77309611,2022
Cold Heart - PNAU Remix,Dua Lipa,1605224506,2017
Cold Heart - PNAU Remix,Elton John,1605224506,2017
Cold Heart - PNAU Remix,Pnau,1605224506,2017
Dandelions,Ruth B.,1116995633,2017
Bones,Imagine Dragons,838079900,2021
Set Fire to the Rain,Adele,1163620694,2011
Money Trees,Kendrick Lamar,1093605526,2012
Money Trees,Jay Rock,1093605526,2012
Tak Segampang Itu,Anggi Marito,179659294,2022
LAGUNAS,Jasiel Nu??ez,39058561,2023
LAGUNAS,Peso P,39058561,2023
Mine (Taylor's Version),Taylor Swift,36912123,2023
Everybody Wants To Rule The World,Tears For Fears,1205951614,1985
No Role Modelz,J. Cole,1791000570,2014
Tattoo,Loreen,201660859,2023
Rara Vez,Taiu,248088961,2023
Rara Vez,Milo j,248088961,2023
VAGABUNDO,Sebastian Yatra,90839753,2023
VAGABUNDO,Manuel Turizo,90839753,2023
VAGABUNDO,Be??,90839753,2023
august,Taylor Swift,607123776,2020
LUNA,Junior H,55842345,2023
LUNA,Peso Pluma,55842345,2023
Miracle (with Ellie Goulding),Calvin Harris,211050784,2023
Miracle (with Ellie Goulding),Ellie Goulding,211050784,2023
Nonsense,Sabrina Carpenter,342897938,2022
Que Vuelvas,Carin Leon,2762,2022
Que Vuelvas,Grupo Frontera,2762,2022
Por las Noches,Peso Pluma,330346424,2021
Feliz Cumplea??os Fe,Feid,601863821,2022
Can't Hold Us (feat. Ray Dalton),Ray Dalton,1953533826,2011
Can't Hold Us (feat. Ray Dalton),Ryan Lewis,1953533826,2011
Can't Hold Us (feat. Ray Dalton),Macklemore,1953533826,2011
Watermelon Sugar,Harry Styles,2322580122,2019
lovely - Bonus Track,Billie Eilish,2355719893,2017
lovely - Bonus Track,Khalid,2355719893,2017
"Rauw Alejandro: Bzrp Music Sessions, Vol. 56",Rauw Alejandro,66902503,2023
"Rauw Alejandro: Bzrp Music Sessions, Vol. 56",Bizarrap,66902503,2023
Queencard,(G)I-DLE,96273746,2023
OMG,NewJeans,430977451,2023
Radio,Lana Del Rey,284819874,2011
"Shakira: Bzrp Music Sessions, Vol. 53",Shakira,721975598,2023
"Shakira: Bzrp Music Sessions, Vol. 53",Bizarrap,721975598,2023
505,Arctic Monkeys,1217120710,2007
"Calling (Spider-Man: Across the Spider-Verse) (Metro Boomin & Swae Lee, NAV, feat. A Boogie Wit da Hoodie)",Swae Lee,109276132,2023
"Calling (Spider-Man: Across the Spider-Verse) (Metro Boomin & Swae Lee, NAV, feat. A Boogie Wit da Hoodie)",A Boogie Wit da Hoodie,109276132,2023
"Calling (Spider-Man: Across the Spider-Verse) (Metro Boomin & Swae Lee, NAV, feat. A Boogie Wit da Hoodie)",Metro Boomin,109276132,2023
"Calling (Spider-Man: Across the Spider-Verse) (Metro Boomin & Swae Lee, NAV, feat. A Boogie Wit da Hoodie)",NAV,109276132,2023
Trance (with Travis Scott & Young Thug),Travis Scott,276259178,2022
Trance (with Travis Scott & Young Thug),Young Thug,276259178,2022
Trance (with Travis Scott & Young Thug),Metro Boomin,276259178,2022
"Tere Vaaste (From ""Zara Hatke Zara Bachke"")",Sachin-Jigar,54225632,2023
"Tere Vaaste (From ""Zara Hatke Zara Bachke"")",Shadab Faridi,54225632,2023
"Tere Vaaste (From ""Zara Hatke Zara Bachke"")",Altamash Faridi,54225632,2023
"Tere Vaaste (From ""Zara Hatke Zara Bachke"")",Amitabh Bhattacharya,54225632,2023
"Tere Vaaste (From ""Zara Hatke Zara Bachke"")",Varun Jain,54225632,2023
Perfect,Ed Sheeran,2559529074,2017
Romantic Homicide,d4vd,681583126,2022
Believer,Imagine Dragons,2594040133,2017
Novo Balan?,Veigh,81102253,2023
Novo Balan?,Bvga Beatz,81102253,2023
Novo Balan?,Supernova Ent,81102253,2023
Novo Balan?,Prod Malax,81102253,2023
"Gol Bolinha, Gol Quadrado 2",Mc Pedrinho,11956641,2023
"Gol Bolinha, Gol Quadrado 2",DJ 900,11956641,2023
Without Me,Eminem,1687664027,2002
QUEMA,Sog,11599388,2023
QUEMA,Ryan Castro,11599388,2023
QUEMA,Peso Pluma,11599388,2023
Stargirl Interlude,The Weeknd,611700552,2016
Stargirl Interlude,Lana Del Rey,611700552,2016
Ojitos Lindos,Bomba Est??reo,1133865788,2022
Ojitos Lindos,Bad B,1133865788,2022
Somewhere Only We Know,Keane,1089402494,2004
Those Eyes,New West,411747614,2019
El Gordo Trae El Mando,Chino Pacas,255932395,2023
Mi Bello Angel,Natanael Cano,31873544,2023
Bye,Peso Pluma,95053634,2023
Danza Kuduro,Don Omar,1279434863,2010
Danza Kuduro,Lucenzo,1279434863,2010
Nosso Quadro,Ana Castela,233801632,2023
Nosso Quadro,AgroPlay,233801632,2023
Locked Out Of Heaven,Bruno Mars,1481349984,2012
Un Finde | CROSSOVER #2,Big One,142095275,2023
Un Finde | CROSSOVER #2,FMK,142095275,2023
Un Finde | CROSSOVER #2,Ke personajes,142095275,2023
Jimmy Cooks (feat. 21 Savage),Drake,618885532,2022
Jimmy Cooks (feat. 21 Savage),21 Savage,618885532,2022
Counting Stars,OneRepublic,2011464183,2013
Ghost,Justin Bieber,1167330737,2021
Under The Influence,Chris Brown,929964809,2019
PRC,Natanael Cano,436027885,2023
PRC,Peso Pluma,436027885,2023
Gasolina,Daddy Yankee,657723613,2004
One Dance,Drake,2713922350,2016
One Dance,WizKid,2713922350,2016
One Dance,Kyla,2713922350,2016
Enchanted,Taylor Swift,621660989,2010
Save Your Tears,The Weeknd,1591223784,2020
Sure Thing,Miguel,950906471,2010
Every Breath You Take - Remastered 2003,The Police,1593270737,1983
The Night We Met,Lord Huron,1410088830,2015
We Found Love,Rihanna,1235005533,2011
We Found Love,Calvin Harris,1235005533,2011
When I Was Your Man,Bruno Mars,1661187319,2012
Let Me Down Slowly,Alec Benjamin,1374581173,2018
"Am I Dreaming (Metro Boomin & A$AP Rocky, Roisee)",A$AP Rocky,94186466,2023
"Am I Dreaming (Metro Boomin & A$AP Rocky, Roisee)",Metro Boomin,94186466,2023
"Am I Dreaming (Metro Boomin & A$AP Rocky, Roisee)",Roisee,94186466,2023
Do I Wanna Know?,Arctic Monkeys,1788326445,2013
Demons,Imagine Dragons,1840364617,2012
????????????,YOASOBI,143573775,2023
Reminder,The Weeknd,684675814,2016
Shake It Off,Taylor Swift,1113838873,2014
Why'd You Only Call Me When You're High?,Arctic Monkeys,1267333350,2013
SNAP,Rosa Linn,726307468,2022
Shape of You,Ed Sheeran,3562543890,2017
Night Changes,One Direction,1131090940,2014
Fin de Semana,Oscar Maydon,307370144,2023
Fin de Semana,Junior H,307370144,2023
Creep,Radiohead,1271293243,1992
Car's Outside,James Arthur,265882712,2019
Apocalypse,Cigarettes After Sex,841749534,2017
Cheques,Shubh,47956378,2023
Pink + White,Frank Ocean,806397070,2016
Circles,Post Malone,2132335812,2019
Just The Way You Are,Bruno Mars,1641426668,2010
Take Me To Church,Hozier,2135158446,2013
Bebe Dame,Fuerza Regida,367316268,2022
Bebe Dame,Grupo Frontera,367316268,2022
You Belong With Me (Taylor???s Ve,Taylor Swift,350381515,2021
Titi Me Pregunt?,Bad Bunny,1264310836,2022
Better Than Revenge (Taylor's Version),Taylor Swift,30343206,2023
Shut up My Moms Calling,Hotel Ugly,405136812,2020
Have You Ever Seen The Rain?,Creedence Clearwater Revival,1145727611,1968
Es un Secreto,Plan B,540654286,2010
POLARIS - Remix,Feid,57312735,2023
POLARIS - Remix,Mora,57312735,2023
POLARIS - Remix,Saiko,57312735,2023
POLARIS - Remix,Quevedo,57312735,2023
Ditto,NewJeans,397582059,2022
Take On Me,a-ha,1479115056,1984
"Annihilate (Spider-Man: Across the Spider-Verse) (Metro Boomin & Swae Lee, Lil Wayne, Offset)",Swae Lee,86773632,2023
"Annihilate (Spider-Man: Across the Spider-Verse) (Metro Boomin & Swae Lee, Lil Wayne, Offset)",Lil Wayne,86773632,2023
"Annihilate (Spider-Man: Across the Spider-Verse) (Metro Boomin & Swae Lee, Lil Wayne, Offset)",Offset,86773632,2023
"Annihilate (Spider-Man: Across the Spider-Verse) (Metro Boomin & Swae Lee, Lil Wayne, Offset)",Metro Boomin,86773632,2023
"Angel Pt 1 (feat. Jimin of BTS, JVKE & Muni Long)",Kodak Black,133753727,2023
"Angel Pt 1 (feat. Jimin of BTS, JVKE & Muni Long)",NLE Choppa,133753727,2023
"Angel Pt 1 (feat. Jimin of BTS, JVKE & Muni Long)",Muni Long,133753727,2023
"Angel Pt 1 (feat. Jimin of BTS, JVKE & Muni Long)",JVKE,133753727,2023
"Angel Pt 1 (feat. Jimin of BTS, JVKE & Muni Long)",Jimin,133753727,2023
Acr??s,Shakira,123124076,2023
AMG,Natanael Cano,463564958,2022
AMG,Gabito Ballesteros,463564958,2022
AMG,Peso Pluma,463564958,2022
"Phir Aur Kya Chahiye (From ""Zara Hatke Zara Bachke"")",Arijit Singh,64533040,2023
"Phir Aur Kya Chahiye (From ""Zara Hatke Zara Bachke"")",Sachin-Jigar,64533040,2023
"Phir Aur Kya Chahiye (From ""Zara Hatke Zara Bachke"")",Amitabha Bhattacharya,64533040,2023
S-Class,Stray Kids,65496046,2023
Hits Different,Taylor Swift,68616963,2023
Chanel,Becky G,161460990,2023
Chanel,Peso Pluma,161460990,2023
Self Love (Spider-Man: Across the Spider-Verse) (Metro Boomin & Coi Leray),Metro Boomin,70106975,2023
Self Love (Spider-Man: Across the Spider-Verse) (Metro Boomin & Coi Leray),Coi Leray,70106975,2023
Area Codes,Kaliii,113509496,2023
Area Codes,Kaliii,113509496,2023
Abcdario,Junior H,89933133,2023
Abcdario,Eden Mu??,89933133,2023
Obsessed,Abhijay Sharma,71007139,2022
Obsessed,Riar Saab,71007139,2022
Pi??man De?,Semicenk,43522589,2023
Pi??man De?,Do??u,43522589,2023
FLOWER,JISOO,232896922,2023
"All The Way Live (Spider-Man: Across the Spider-Verse) (Metro Boomin & Future, Lil Uzi Vert)",Future,37126685,2023
"All The Way Live (Spider-Man: Across the Spider-Verse) (Metro Boomin & Future, Lil Uzi Vert)",Lil Uzi Vert,37126685,2023
"All The Way Live (Spider-Man: Across the Spider-Verse) (Metro Boomin & Future, Lil Uzi Vert)",Metro Boomin,37126685,2023
Eyes Closed,Ed Sheeran,195576623,2023
Escapism.,RAYE,532336353,2022
Escapism.,070 Shake,532336353,2022
La Jumpa,Arcangel,538115192,2022
La Jumpa,Bad Bunny,538115192,2022
Karma (feat. Ice Spice),Taylor Swift,46142772,2023
Karma (feat. Ice Spice),Ice Spice,46142772,2023
Superhero (Heroes & Villains) [with Future & Chris Brown],Future,401036314,2022
Superhero (Heroes & Villains) [with Future & Chris Brown],Chris Brown,401036314,2022
Superhero (Heroes & Villains) [with Future & Chris Brown],Metro Boomin,401036314,2022
Las Morras,BLESSD,127026613,2023
Las Morras,Peso Pluma,127026613,2023
CHORRITO PA LAS ANIMAS,Feid,345031710,2022
Ch y la Pizza,Fuerza Regida,288101651,2022
Ch y la Pizza,Natanael Cano,288101651,2022
Snow On The Beach (feat. More Lana Del Rey),Lana Del Rey,60350538,2023
Snow On The Beach (feat. More Lana Del Rey),Taylor Swift,60350538,2023
Players,Coi Leray,335074782,2022
Bite Me,ENHYPEN,76767396,2023
Stand By Me (feat. Morgan Wallen),Lil Durk,46065667,2023
Stand By Me (feat. Morgan Wallen),Morgan Wallen,46065667,2023
Normal,Feid,459276435,2022
Hummingbird (Metro Boomin & James Blake),James Blake,39666245,2023
Hummingbird (Metro Boomin & James Blake),Metro Boomin,39666245,2023
Seu Brilho Sumiu - Ao Vivo,Israel & Rodolffo,138517666,2023
Seu Brilho Sumiu - Ao Vivo,Mari Fernandez,138517666,2023
Bad Habit,Steve Lacy,822633917,2022
CUFF IT,Beyonc?,595900742,2022
Lilith (feat. SUGA of BTS) (Diablo IV Anthem),Halsey,51985779,2023
Lilith (feat. SUGA of BTS) (Diablo IV Anthem),Suga,51985779,2023
69,Nicky Jam,57945987,2023
69,Feid,57945987,2023
Ni??a Bo,Sean Paul,115010040,2023
Ni??a Bo,Feid,115010040,2023
Search & Rescue,Drake,175097833,2023
AMERICA HAS A PROBLEM (feat. Kendrick Lamar),Kendrick Lamar,57089066,2023
AMERICA HAS A PROBLEM (feat. Kendrick Lamar),Beyonc?,57089066,2023
Lavender Haze,Taylor Swift,488386797,2022
"Link Up (Metro Boomin & Don Toliver, Wizkid feat. BEAM & Toian) - Spider-Verse Remix (Spider-Man: Across the Spider-Verse )",WizKid,32761689,2023
"Link Up (Metro Boomin & Don Toliver, Wizkid feat. BEAM & Toian) - Spider-Verse Remix (Spider-Man: Across the Spider-Verse )",Toian,32761689,2023
"Link Up (Metro Boomin & Don Toliver, Wizkid feat. BEAM & Toian) - Spider-Verse Remix (Spider-Man: Across the Spider-Verse )",Metro Boomin,32761689,2023
"Link Up (Metro Boomin & Don Toliver, Wizkid feat. BEAM & Toian) - Spider-Verse Remix (Spider-Man: Across the Spider-Verse )",Don Toliver,32761689,2023
"Link Up (Metro Boomin & Don Toliver, Wizkid feat. BEAM & Toian) - Spider-Verse Remix (Spider-Man: Across the Spider-Verse )",Beam,32761689,2023
Efecto,Bad Bunny,1047480053,2022
Erro Gostoso - Ao Vivo,Simone Mendes,153454328,2023
Cupido,Tini,217672943,2023
Just Wanna Rock,Lil Uzi Vert,457184829,2022
Unstoppable,Sia,939844851,2016
Until I Found You,Stephen Sanchez,726434358,2021
Rich Flex,Drake,573633020,2022
Rich Flex,21 Savage,573633020,2022
Easy On Me,Adele,1406111294,2021
Cart??o B,MC Caverinha,71573339,2023
Cart??o B,KayBlack,71573339,2023
Danger (Spider) (Offset & JID),Offset,24975653,2023
Danger (Spider) (Offset & JID),JID,24975653,2023
Oi Balde - Ao Vivo,Z?? Neto & Crist,145458418,2023
The Real Slim Shady,Eminem,1424589568,2000
MERCHO,Migrantes,231332117,2022
MERCHO,LiL CaKe,231332117,2022
MERCHO,Nico Valdi,231332117,2022
The Color Violet,Tory Lanez,415932686,2021
Glimpse of Us,Joji,988515741,2022
Mejor Que Yo,Mambo Kingz,50847624,2023
Mejor Que Yo,DJ Luian,50847624,2023
Mejor Que Yo,Anuel Aa,50847624,2023
Curtains,Ed Sheeran,39893489,2023
UNFORGIVEN (feat. Nile Rodgers),Nile Rodgers,92035115,2023
UNFORGIVEN (feat. Nile Rodgers),LE SSERAFIM,92035115,2023
Haegeum,Agust D,118810253,2023
Conex??es de M??fia (feat. Rich,Rich The Kid,77233241,2023
Conex??es de M??fia (feat. Rich,Matu?,77233241,2023
MIENTRAS ME CURO DEL CORA,Karol G,206399629,2023
Never Felt So Alone,Labrinth,117747907,2023
X SI VOLVEMOS,Karol G,266624541,2023
X SI VOLVEMOS,Romeo Santos,266624541,2023
ceilings,Lizzy McAlpine,293186992,2022
Cupid,Fifty Fifty,139681964,2023
I AM,IVE,123132751,2023
Cupid ??? Twin Ver. (FIFTY FIFTY) ??? Spe,sped up 8282,103762518,1997
Shorty Party,Cartel De Santa,162887075,2023
Shorty Party,La Kelly,162887075,2023
Super,SEVENTEEN,91221625,2023
Slut Me Out,NLE Choppa,190490915,2022
Double Fantasy (with Future),The Weeknd,96180277,2023
Double Fantasy (with Future),Future,96180277,2023
All Of The Girls You Loved Before,Taylor Swift,185240616,2019
PROVENZA,Karol G,885093467,2022
Princess Diana (with Nicki Minaj),Nicki Minaj,104992946,2023
Princess Diana (with Nicki Minaj),Ice Spice,104992946,2023
Di Que Si,Grupo Marca Registrada,147290338,2023
Di Que Si,Grupo Frontera,147290338,2023
Shivers,Ed Sheeran,1302184087,2021
Igualito a Mi Ap?,Fuerza Regida,158950978,2022
Igualito a Mi Ap?,Peso Pluma,158950978,2022
Shoong! (feat. LISA of BLACKPINK),TAEYANG,76910644,2023
Shoong! (feat. LISA of BLACKPINK),Lisa,76910644,2023
Komang,Raim Laode,137123880,2022
DESPECH?,ROSAL?,782369383,2022
Made You Look,Meghan Trainor,502574952,2022
Watch This - ARIZONATEARS Pluggnb Remix,sped up nightcore,207033255,2023
Watch This - ARIZONATEARS Pluggnb Remix,ARIZONATEARS,207033255,2023
Watch This - ARIZONATEARS Pluggnb Remix,Lil Uzi Vert,207033255,2023
No Se Va,Grupo Frontera,404887295,2022
Punto G,Quevedo,381161027,2022
Lovers Rock,TV Girl,466231982,2014
METAMORPHOSIS,INTERWORLD,357580552,2021
Mami Chula,Quevedo,61105704,2023
Mami Chula,Jhayco,61105704,2023
En Paris,El Chachito,198275403,2022
En Paris,Junior H,198275403,2022
Set Me Free Pt.2,Jimin,168448603,2023
I Was Never There,The Weeknd,705469769,2018
I Was Never There,Gesaffelstein,705469769,2018
Don't ever say love me (feat. RM of BTS),RM,34502215,2023
Don't ever say love me (feat. RM of BTS),Colde,34502215,2023
Shut Down,BLACKPINK,482175240,2022
Gato de Noche,Nengo Flow,304118600,2022
Gato de Noche,Bad Bunny,304118600,2022
Call Out My Name,The Weeknd,1449799467,2018
Like Crazy (English Version),Jimin,173627354,2023
Rosa Pastel,Jasiel Nu??ez,90025258,2023
Rosa Pastel,Peso P,90025258,2023
Sunroof,Nicky Youre,652704649,2021
Sunroof,Dazy,652704649,2021
Lose Yourself - Soundtrack Version,Eminem,1829992958,2002
Superman,Eminem,655466831,2002
Superman,Dina Rae,655466831,2002
Mas Rica Que Ayer,Mambo Kingz,146409671,2023
Mas Rica Que Ayer,DJ Luian,146409671,2023
Mas Rica Que Ayer,Anuel Aa,146409671,2023
People Pt.2 (feat. IU),IU,95816024,2023
People Pt.2 (feat. IU),Agust D,95816024,2023
REMIX EXCLUSIVO,Feid,117206995,2023
"Arc??ngel: Bzrp Music Sessions, Vol",Arcangel,100409613,2023
"Arc??ngel: Bzrp Music Sessions, Vol",Bizarrap,100409613,2023
DOGTOOTH,Tyler,80758350,2023
DOGTOOTH,The Creator,80758350,2023
10:35,Ti??sto,325592432,2022
10:35,Tate M,325592432,2022
SORRY NOT SORRY,Tyler,58473276,2023
SORRY NOT SORRY,The Creator,58473276,2023
HAPPY,NF,52722996,2023
La Bebe,Yng Lvcas,191945597,2021
I Know - PR1SVX Edit,Kanii,77377503,2023
I Know - PR1SVX Edit,PR1ISVX,77377503,2023
Late Night Talking,Harry Styles,743693613,2022
Le?,Mar??lia Mendo,267789608,2022
Save Your Tears (with Ariana Grande) (Remix),Ariana Grande,1221813483,2020
Save Your Tears (with Ariana Grande) (Remix),The Weeknd,1221813483,2020
Something in the Orange,Zach Bryan,449701773,2022
VOID,Melanie Martinez,67070410,2023
Dijeron Que No La Iba Lograr,Fuerza Regida,116334601,2023
Dijeron Que No La Iba Lograr,Chino Pacas,116334601,2023
Midnight Rain,Taylor Swift,433356509,2022
If We Ever Broke Up,Mae Stephens,165584767,2023
You Proof,Morgan Wallen,367814306,2022
LA INOCENTE,Feid,477033549,2022
LA INOCENTE,Mora,477033549,2022
Malas Decisiones,Kenia OS,156214700,2022
Murder In My Mind,Kordhell,448843705,2022
Gangsta's Paradise,Coolio,1357608774,1995
Gangsta's Paradise,L.V.,1357608774,1995
CAIRO,Karol G,294352144,2022
CAIRO,Ovy On The Drums,294352144,2022
I Love You So,The Walters,972164968,2014
Dark Red,Steve Lacy,920045682,2017
Say You Won't Let Go,James Arthur,2420461338,2016
The Hills,The Weeknd,1947371785,2015
Heart To Heart,Mac DeMarco,244658767,2019
Peaches (from The Super Mario Bros. Movie),Jack Black,68216992,2023
Marisola - Remix,Duki,223582566,2022
Marisola - Remix,NICKI NICOLE,223582566,2022
Marisola - Remix,Cris Mj,223582566,2022
Marisola - Remix,Standly,223582566,2022
Marisola - Remix,Stars Music Chile,223582566,2022
LOKERA,Brray,471819764,2022
LOKERA,Rauw Alejandro,471819764,2022
LOKERA,Lyanno,471819764,2022
Low,SZA,272377463,2022
Numb,Linkin Park,1361425037,2003
Tormenta (feat. Bad Bunny),Gorillaz,149778242,2023
Tormenta (feat. Bad Bunny),Bad Bunny,149778242,2023
on the street (with J. Cole),j-hope,116599790,2023
on the street (with J. Cole),J. Cole,116599790,2023
One Thing At A Time,Morgan Wallen,148469433,2022
Miss You,Robin Schulz,497225336,2022
Miss You,Oliver Tree,497225336,2022
Ain???t Tha,Morgan Wallen,88791109,2023
Thinkin??? B,Morgan Wallen,125917280,2023
Private Landing (feat. Justin Bieber & Future),Don Toliver,105062254,2023
Private Landing (feat. Justin Bieber & Future),Future,105062254,2023
Private Landing (feat. Justin Bieber & Future),Justin Bieber,105062254,2023
Everything I Love,Morgan Wallen,95623148,2023
Heaven,Niall Horan,144584800,2023
LET GO,Central Cee,298063749,2022
Sial,Mahalini,166570053,2023
I Wrote The Book,Morgan Wallen,83021468,2023
"Apna Bana Le (From ""Bhediya"")",Arijit Singh,139836056,2022
"Apna Bana Le (From ""Bhediya"")",Sachin-Jigar,139836056,2022
SPIT IN MY FACE!,ThxSoMch,303216294,2022
PLAYA DEL INGL?,Myke Towers,221409663,2022
PLAYA DEL INGL?,Quevedo,221409663,2022
Man Made A Bar (feat. Eric Church),Morgan Wallen,58890931,2023
Man Made A Bar (feat. Eric Church),Eric Church,58890931,2023
Red Ruby Da Sleeze,Nicki Minaj,81419389,2023
Kahani Suno 2.0,Kaifi Khalil,156777415,2022
Nobody Gets Me,SZA,284908316,2022
PERO T?,Karol G,93438910,2023
PERO T?,Quevedo,93438910,2023
Hype Boy,NewJeans,363472647,2022
Bloody Mary,Lady Gaga,372476382,2011
Monoton?,Ozuna,380726517,2022
Monoton?,Shakira,380726517,2022
???98 Braves,Morgan Wallen,56533272,2023
WANDA,Quevedo,175399345,2023
Thought You Should Know,Morgan Wallen,203221468,2022
In The End,Linkin Park,1624165576,2000
Zona De Perigo,Leo Santana,134294498,2022
Lovezinho,Treyce,70069745,2022
I Like You (A Happier Song) (with Doja Cat),Post Malone,609293408,2022
I Like You (A Happier Song) (with Doja Cat),Doja Cat,609293408,2022
Neverita,Bad Bunny,671365962,2022
Vista Al Mar,Quevedo,362361576,2022
Sem Alian??a no,MC Xenon,93587665,2022
Sem Alian??a no,Os Gemeos da Putaria,93587665,2022
Enemy (with JID) - from the series Arcane League of Legends,Imagine Dragons,1223481149,2021
Enemy (with JID) - from the series Arcane League of Legends,League of Legends,1223481149,2021
Enemy (with JID) - from the series Arcane League of Legends,JID,1223481149,2021
Enemy (with JID) - from the series Arcane League of Legends,Arcane,1223481149,2021
Revenge,XXXTENTACION,1022258230,2017
Bombonzinho - Ao Vivo,Israel & Rodolffo,263453310,2022
Bombonzinho - Ao Vivo,Ana Castela,263453310,2022
LA CANCI?,J Balvin,1435127549,2019
LA CANCI?,Bad Bunny,1435127549,2019
Qu?? Ago,Yuridia,236857112,2022
Qu?? Ago,Angela Aguilar,236857112,2022
Love Again,The Kid Laroi,147538971,2023
After Hours,The Weeknd,698086140,2020
About Damn Time,Lizzo,723894473,2022
Born With A Beer In My Hand,Morgan Wallen,34450974,2023
?????????????????????,Fujii Kaze,403097450,2020
Besos Moja2,Wisin & Yandel,309483971,2022
Besos Moja2,ROSAL?,309483971,2022
Maan Meri Jaan,King,319566866,2022
Moscow Mule,Bad Bunny,909001996,2022
My Universe,Coldplay,1061966512,2021
My Universe,BTS,1061966512,2021
Devil Don???,Morgan Wallen,32526947,2023
LLYLM,ROSAL?,124988687,2023
I'm Not Here To Make Friends,Sam Smith,103787664,2023
I'm Not Here To Make Friends,Calvin Harris,103787664,2023
I'm Not Here To Make Friends,Jessie Reyez,103787664,2023
TRUSTFALL,P!nk,134255790,2023
ANTIFRAGILE,LE SSERAFIM,301051721,2022
Boy's a liar,PinkPantheress,156338624,2022
VIBE (feat. Jimin of BTS),TAEYANG,152850295,2023
VIBE (feat. Jimin of BTS),Jimin,152850295,2023
Shirt,SZA,309653982,2022
Lift Me Up - From Black Panther: Wakanda Forever - Music From and Inspired By,Rihanna,297328960,2022
STAR WALKIN' (League of Legends Worlds Anthem),Lil Nas X,332506354,2022
"Sex, Drugs, Etc.",Beach Weather,480507035,2016
Boy With Luv (feat. Halsey),Halsey,1065580332,2019
Boy With Luv (feat. Halsey),BTS,1065580332,2019
"Hey, Mickey!",Baby Tate,122763672,2016
Calm Down,R??,445763624,2022
Jhoome Jo Pathaan,Arijit Singh,1365184,2022
Jhoome Jo Pathaan,Vishal Dadlani,1365184,2022
Jhoome Jo Pathaan,Sukriti Kakar,1365184,2022
Jhoome Jo Pathaan,Vishal-Shekhar,1365184,2022
Jhoome Jo Pathaan,Shekhar Ravjiani,1365184,2022
Jhoome Jo Pathaan,Kumaar,1365184,2022
Escapism. - Sped Up,RAYE,184308753,2022
Escapism. - Sped Up,070 Shake,184308753,2022
Space Song,Beach House,789753877,2015
Dreamers [Music from the FIFA World Cup Qatar 2022 Official Soundtrack],BTS,323358833,2022
Dreamers [Music from the FIFA World Cup Qatar 2022 Official Soundtrack],Jung Kook,323358833,2022
Dreamers [Music from the FIFA World Cup Qatar 2022 Official Soundtrack],FIFA Sound,323358833,2022
Te Felicito,Shakira,606361689,2022
Te Felicito,Rauw Alejandro,606361689,2022
Mu??,Steve Aoki,120972253,2023
Mu??,Tini,120972253,2023
Mu??,La Joaqui,120972253,2023
TV,Billie Eilish,338564981,2022
I'm Not The Only One,Sam Smith,1606986953,2014
Heather,Conan Gray,1301799902,2020
"Besharam Rang (From ""Pathaan"")",Vishal-Shekhar,140187018,2022
"Besharam Rang (From ""Pathaan"")",Shilpa Rao,140187018,2022
"Besharam Rang (From ""Pathaan"")",Caralisa Monteiro,140187018,2022
"Besharam Rang (From ""Pathaan"")",Kumaar,140187018,2022
"Besharam Rang (From ""Pathaan"")",Vishal Dadlani,140187018,2022
"Besharam Rang (From ""Pathaan"")",Shekhar Ravjiani,140187018,2022
One Kiss (with Dua Lipa),Calvin Harris,1897517891,2017
One Kiss (with Dua Lipa),Dua Lipa,1897517891,2017
Sugar Rush Ride,TOMORROW X TOGETHER,107642809,2023
Pink Venom,BLACKPINK,551305895,2022
WAIT FOR U (feat. Drake & Tems),Drake,556585270,2022
WAIT FOR U (feat. Drake & Tems),Future,556585270,2022
WAIT FOR U (feat. Drake & Tems),Tems,556585270,2022
Don't Start Now,Dua Lipa,2303033973,2019
After Dark,Mr.Kitty,646886885,2014
Eu Gosto Assim - Ao Vivo,Gustavo Mioto,222612678,2022
Eu Gosto Assim - Ao Vivo,Mari Fernandez,222612678,2022
INDUSTRY BABY (feat. Jack Harlow),Jack Harlow,1814349763,2021
INDUSTRY BABY (feat. Jack Harlow),Lil Nas X,1814349763,2021
MIDDLE OF THE NIGHT,Elley Duh?,872137015,2020
Atlantis,Seafret,571386359,2015
PUNTO 40,Baby Rasta,304079786,2022
PUNTO 40,Rauw Alejandro,304079786,2022
Evoque Prata,DJ Escobar,174006928,2022
Evoque Prata,MC MENOR SG,174006928,2022
Evoque Prata,MC MENOR HR,174006928,2022
How Do I Say Goodbye,Dean Lewis,284785823,2022
Blind,SZA,163284000,2022
Die For You,Joji,246390068,2022
Doja,Central Cee,482257456,2022
Gatita,Bellakath,168684524,2022
Rumble,Skrillex,78489819,2022
Rumble,Flowdan,78489819,2022
Rumble,Fred again..,78489819,2022
Niagara Falls (Foot or 2) [with Travis Scott & 21 Savage],Travis Scott,195516622,2022
Niagara Falls (Foot or 2) [with Travis Scott & 21 Savage],21 Savage,195516622,2022
Niagara Falls (Foot or 2) [with Travis Scott & 21 Savage],Metro Boomin,195516622,2022
Yonaguni,Bad Bunny,1260594497,2021
Super Freaky Girl,Nicki Minaj,428685680,2022
Running Up That Hill (A Deal With God),Kate Bush,1024858327,1985
Dream On,Aerosmith,838586769,1973
Limbo,Freddie Dredd,199386237,2022
Where Are You Now,Lost Frequencies,972509632,2021
Where Are You Now,Calum Scott,972509632,2021
WORTH NOTHING,Twisted,213438580,2022
WORTH NOTHING,Oliver Tree,213438580,2022
Bad Habits,Ed Sheeran,1555511105,2020
KICK BACK,Kenshi Yonezu,210038833,2022
Evergreen (You Didn???t Deserve Me A,Omar Apollo,227918678,2022
Good Days,SZA,826623384,2020
Levitating (feat. DaBaby),Dua Lipa,1802514301,2020
Levitating (feat. DaBaby),DaBaby,1802514301,2020
Woman,Doja Cat,1329090101,2021
Shut up My Moms Calling - (Sped Up),Hotel Ugly,181831132,2022
Ferrari,James Hype,462791599,2022
Ferrari,Miggy Dela Rosa,462791599,2022
"You're On Your Own, Kid",Taylor Swift,348647203,2022
"Kesariya (From ""Brahmastra"")",Pritam,366599607,2022
"Kesariya (From ""Brahmastra"")",Arijit Singh,366599607,2022
"Kesariya (From ""Brahmastra"")",Amitabh Bhattacharya,366599607,2022
Agudo M??gi,Styrx,90598517,1930
Agudo M??gi,utku INC,90598517,1930
Agudo M??gi,Thezth,90598517,1930
Payphone,Maroon 5,1479264469,2012
Payphone,Wiz Khalifa,1479264469,2012
All I Want for Christmas Is You,Mariah Carey,1449779435,1994
Last Christmas,Wham!,1159176109,1984
Rockin' Around The Christmas Tree,Brenda Lee,769213520,1958
Jingle Bell Rock,Bobby Helms,741301563,1957
It's Beginning To Look A Lot Like Christmas,Michael Bubl?,807561936,2011
Santa Tell Me,Ariana Grande,834129063,2013
It's the Most Wonderful Time of the Year,Andy Williams,663832097,1963
Let It Snow! Let It Snow! Let It Snow!,Dean Martin,446390129,1959
Snowman,Sia,690104769,2017
Underneath the Tree,Kelly Clarkson,485285717,2013
Feliz Navidad,Jos?? Felic,520034544,1970
Holly Jolly Christmas,Michael Bubl?,476244795,2011
Mistletoe,Justin Bieber,629173063,2011
Sleigh Ride,The Ronettes,404664135,1963
Seek & Destroy,SZA,98709329,2022
Love Language,SZA,110849052,2022
Happy Xmas (War Is Over),John Lennon,460492795,1971
Happy Xmas (War Is Over),The Harlem Community Choir,460492795,1971
Happy Xmas (War Is Over),The Plastic Ono Band,460492795,1971
Happy Xmas (War Is Over),Yoko Ono,460492795,1971
Used (feat. Don Toliver),SZA,94005786,2022
Used (feat. Don Toliver),Don Toliver,94005786,2022
A Holly Jolly Christmas - Single Version,Burl Ives,395591396,1952
The Christmas Song (Merry Christmas To You) - Remastered 1999,Nat King Cole,389771964,1946
Wonderful Christmastime - Edited Version / Remastered 2011,Paul McCartney,403939487,1979
Do They Know It's Christmas? - 1984 Version,Band Aid,481697415,1984
Ghost in the Machine (feat. Phoebe Bridgers),SZA,110073250,2022
Ghost in the Machine (feat. Phoebe Bridgers),Phoebe Bridgers,110073250,2022
Special,SZA,88092256,2022
Merry Christmas Everyone,Shakin' Stevens,351636786,1984
Let It Snow! Let It Snow! Let It Snow!,Frank Sinatra,473248298,1950
Let It Snow! Let It Snow! Let It Snow!,B. Swanson Quartet,473248298,1950
SOS,SZA,73981293,2022
Open Arms (feat. Travis Scott),SZA,155653938,2022
Open Arms (feat. Travis Scott),Travis Scott,155653938,2022
White Christmas,Bing Crosby,395591396,1942
White Christmas,John Scott Trotter & His Orchestra,395591396,1942
White Christmas,Ken Darby Singers,395591396,1942
Driving Home for Christmas - 2019 Remaster,Chris Rea,429504768,1986
Christmas (Baby Please Come Home),Darlene Love,242767149,1963
Gone Girl,SZA,65362788,2022
F2F,SZA,67540165,2022
Notice Me,SZA,62019074,2022
Merry Christmas,Ed Sheeran,135723538,2017
Merry Christmas,Elton John,135723538,2017
It's Beginning to Look a Lot Like Christmas (with Mitchell Ayres & His Orchestra),Perry Como,295998468,1958
It's Beginning to Look a Lot Like Christmas (with Mitchell Ayres & His Orchestra),The Fontane Sisters,295998468,1958
It's Beginning to Look a Lot Like Christmas (with Mitchell Ayres & His Orchestra),Mitchell Ayres & His Orchestra,295998468,1958
My Only Wish (This Year),Britney Spears,261116938,2000
Antidepresan,Mabel Matiz,136689549,2022
Antidepresan,Mert Demir,136689549,2022
Wild Flower (with youjeen),RM,135611421,2022
I Hate U,SZA,356709897,2021
Raindrops (Insane) [with Travis Scott],Travis Scott,110649992,2022
Raindrops (Insane) [with Travis Scott],Metro Boomin,110649992,2022
SPIT IN MY FACE!,ThxSoMch,301869854,2022
Deck The Hall - Remastered 1999,Nat King Cole,127027715,1959
Smoking on my Ex Pack,SZA,57144458,2022
Conceited,SZA,56870689,2022
Snow On The Beach (feat. Lana Del Rey),Taylor Swift,323437194,2022
Snow On The Beach (feat. Lana Del Rey),Lana Del Rey,323437194,2022
Maroon,Taylor Swift,317726339,2022
Tubar??o Te,Dj LK da Esc??cia,116144341,2022
Tubar??o Te,Tchakabum,116144341,2022
Tubar??o Te,mc jhenny,116144341,2022
Tubar??o Te,M,116144341,2022
Bejeweled,Taylor Swift,328207708,2022
Tarot,Bad Bunny,608228647,2022
Tarot,Jhay Cortez,608228647,2022
You Make It Feel Like Christmas (feat. Blake Shelton),Gwen Stefani,180577478,2005
You Make It Feel Like Christmas (feat. Blake Shelton),Blake Shelton,180577478,2005
Desesperados,Chencho Corleone,809306935,2021
Desesperados,Rauw Alejandro,809306935,2021
Too Late,SZA,49262961,2022
Party,Bad Bunny,614555082,2022
Party,Rauw Alejandro,614555082,2022
Run Rudolph Run - Single Version,Chuck Berry,245350949,1958
Jingle Bells - Remastered 1999,Frank Sinatra,178660459,1957
Far,SZA,51641685,2022
On Time (with John Legend),John Legend,78139948,2022
On Time (with John Legend),Metro Boomin,78139948,2022
GAT??,Maldy,322336177,2022
GAT??,Karol G,322336177,2022
???abcdefu,Gayle,1007612429,2021
Sacrifice,The Weeknd,326792833,2022
Is There Someone Else?,The Weeknd,391251368,2022
Fingers Crossed,Lauren Spencer Smith,349585590,2022
Fingers Crossed,Lauren Spencer Smith,349585590,2022
Fingers Crossed,Lauren Spencer Smith,349585590,2022
Out of Time,The Weeknd,339659802,2022
Do It To It,Cherish,674772936,2021
Do It To It,ACRAZE,674772936,2021
We Don't Talk About Bruno,Adassa,432719968,2021
We Don't Talk About Bruno,Mauro Castillo,432719968,2021
We Don't Talk About Bruno,Stephanie Beatriz,432719968,2021
We Don't Talk About Bruno,Encanto - Cast,432719968,2021
We Don't Talk About Bruno,Rhenzy Feliz,432719968,2021
We Don't Talk About Bruno,Diane Guerrero,432719968,2021
We Don't Talk About Bruno,Carolina Gaitan,432719968,2021
Pepas,Farruko,1309887447,2021
How Do I Make You Love Me?,The Weeknd,119238316,2022
Gasoline,The Weeknd,116903579,2022
Infinity,Jaymes Young,888046992,2017
Less Than Zero,The Weeknd,200660871,2022
Take My Breath,The Weeknd,130655803,2021
good 4 u,Olivia Rodrigo,1887039593,2021
"Here We Go??? Again (feat. Tyler, the Cr",The Weeknd,88103848,2022
"Here We Go??? Again (feat. Tyler, the Cr",Tyler,88103848,2022
"Here We Go??? Again (feat. Tyler, the Cr",The Creator,88103848,2022
Best Friends,The Weeknd,101114984,2022
Kiss Me More (feat. SZA),SZA,1575467011,2021
Kiss Me More (feat. SZA),Doja Cat,1575467011,2021
I Heard You're Married (feat. Lil Wayne),The Weeknd,91656026,2022
I Heard You're Married (feat. Lil Wayne),Lil Wayne,91656026,2022
Need To Know,Doja Cat,1042568408,2021
MONTERO (Call Me By Your Name),Lil Nas X,1735441776,2020
love nwantiti (ah ah ah),Ckay,726837877,2019
Dawn FM,The Weeknd,53933526,2022
Surface Pressure,Jessica Darrow,267758538,2021
Starry Eyes,The Weeknd,74601456,2022
THATS WHAT I WANT,Lil Nas X,920797189,2021
One Right Now (with The Weeknd),The Weeknd,539595276,2021
One Right Now (with The Weeknd),Post Malone,539595276,2021
Beggin,M??ne,1367810478,2017
Mon Amour - Remix,Aitana,578207856,2020
Mon Amour - Remix,zzoilo,578207856,2020
Lo Siento BB:/ (with Bad Bunny & Julieta Venegas),Julieta Venegas,775542072,2021
Lo Siento BB:/ (with Bad Bunny & Julieta Venegas),Bad Bunny,775542072,2021
Lo Siento BB:/ (with Bad Bunny & Julieta Venegas),Tainy,775542072,2021
MONEY,Lisa,863625566,2021
The Motto,Ti??sto,656013912,2021
The Motto,Ava,656013912,2021
Happier Than Ever,Billie Eilish,1056760045,2021
Moth To A Flame (with The Weeknd),The Weeknd,611994237,2021
Moth To A Flame (with The Weeknd),Swedish House Mafia,611994237,2021
traitor,Juan Cruz Toledo,1230855859,2021
traitor,Huilen Toledo,1230855859,2021
Toxic,BoyWithUke,582981380,2021
drivers license,Olivia Rodrigo,1858144199,2021
Malvad??,Xam??,240684449,2021
Malvad??,Gustah,240684449,2021
Malvad??,Neo B,240684449,2021
All Too Well (10 Minute Version) (Taylor's Version) (From The Vault),Taylor Swift,583687007,2021
Don???t Break My,The Weeknd,63803529,2022
Oh My God,Adele,466214729,2021
Entre Nosotros (Remix) [con Nicki Nicole],Lit Killah,236940480,2022
Entre Nosotros (Remix) [con Nicki Nicole],Maria Becerra,236940480,2022
Entre Nosotros (Remix) [con Nicki Nicole],Tiago pzk,236940480,2022
Entre Nosotros (Remix) [con Nicki Nicole],NICKI NICOLE,236940480,2022
A Tale By Quincy,The Weeknd,41924466,2022
I AM WOMAN,Emmy Meli,225259194,2021
Medallo,Justin Quiles,393230256,2021
Medallo,Lenny Tav??rez,393230256,2021
Medallo,BL,393230256,2021
It'll Be Okay,Shawn Mendes,287201015,2021
Softcore,The Neighbourhood,599770206,2018
Super Gremlin,Kodak Black,342779426,2021
Volv?,Aventura,673801126,2021
Volv?,Bad Bunny,673801126,2021
Todo De Ti,Rauw Alejandro,1168642797,2020
Love Nwantiti - Remix,Ckay,540539717,2019
Love Nwantiti - Remix,AX'EL,540539717,2019
Love Nwantiti - Remix,Dj Yo!,540539717,2019
Smokin Out The Window,Bruno Mars,383550148,2021
Smokin Out The Window,Anderson .Paak,383550148,2021
Smokin Out The Window,Silk Sonic,383550148,2021
Meet Me At Our Spot,THE ANXIETY,530511203,2020
Meet Me At Our Spot,Willow,530511203,2020
Meet Me At Our Spot,Tyler Cole,530511203,2020
Every Angel is Terrifying,The Weeknd,37307967,2022
Tacones Rojos,Sebastian Yatra,510876816,2021
Peaches (feat. Daniel Caesar & Giveon),Justin Bieber,1445941661,2021
Peaches (feat. Daniel Caesar & Giveon),Daniel Caesar,1445941661,2021
Peaches (feat. Daniel Caesar & Giveon),Giveon,1445941661,2021
Dakiti,Bad Bunny,1763363713,2020
Dakiti,Jhay Cortez,1763363713,2020
"Tiago PZK: Bzrp Music Sessions, Vol. 48",Bizarrap,374191487,2021
"Tiago PZK: Bzrp Music Sessions, Vol. 48",Tiago pzk,374191487,2021
L???,Stromae,108809090,2022
Nost??l,Chris Brown,436695353,2021
Nost??l,Rvssian,436695353,2021
Nost??l,Rauw Alejandro,436695353,2021
Better Days (NEIKED x Mae Muller x Polo G),NEIKED,421040617,2021
Better Days (NEIKED x Mae Muller x Polo G),Mae Muller,421040617,2021
Better Days (NEIKED x Mae Muller x Polo G),Polo G,421040617,2021
Life Goes On,Oliver Tree,501541661,2020
Sad Girlz Luv Money Remix (feat. Kali Uchis),Kali Uchis,354065229,2021
Sad Girlz Luv Money Remix (feat. Kali Uchis),Amaarae,354065229,2021
Sad Girlz Luv Money Remix (feat. Kali Uchis),Moliy,354065229,2021
Butter,BTS,1143647827,2021
pushin P (feat. Young Thug),Young Thug,311395144,2022
pushin P (feat. Young Thug),Future,311395144,2022
pushin P (feat. Young Thug),Gunna,311395144,2022
You Right,Doja Cat,672656250,2021
You Right,The Weeknd,672656250,2021
deja vu,Olivia Rodrigo,1256880657,2021
Dynamite,BTS,1692897992,2020
TO THE MOON,Jnr Choi,245095641,2021
Lost in the Fire,The Weeknd,686734357,2019
Lost in the Fire,Gesaffelstein,686734357,2019
Salimo de Noche,Trueno,261414174,2021
Salimo de Noche,Tiago pzk,261414174,2021
Volando - Remix,Sech,610045621,2021
Volando - Remix,Bad Bunny,610045621,2021
Volando - Remix,Mora,610045621,2021
Leave The Door Open,Bruno Mars,1115880852,2021
Leave The Door Open,Anderson .Paak,1115880852,2021
Leave The Door Open,Silk Sonic,1115880852,2021
Knife Talk (with 21 Savage ft. Project Pat),Drake,594482982,2021
Knife Talk (with 21 Savage ft. Project Pat),Project Pat,594482982,2021
Knife Talk (with 21 Savage ft. Project Pat),21 Savage,594482982,2021
Don't Be Shy,Ti??sto,566954746,2021
Don't Be Shy,Kar,566954746,2021
Love Grows (Where My Rosemary Goes),Edison Lighthouse,0,1970
LA FAMA (with The Weeknd),The Weeknd,374706940,2021
LA FAMA (with The Weeknd),ROSAL?,374706940,2021
The Family Madrigal,Olga Merediz,184937148,2021
The Family Madrigal,Stephanie Beatriz,184937148,2021
The Family Madrigal,Encanto - Cast,184937148,2021
Phantom Regret by Jim,The Weeknd,31959571,2022
Dos Oruguitas,Sebastian Yatra,167076418,2021
Freaks,Surf Curse,824420218,2015
Acapulco,Jason Derulo,363467642,2021
Daddy Issues,The Neighbourhood,1127468248,2015
thought i was playing,21 Savage,60680939,2022
thought i was playing,Gunna,60680939,2022
ELEVEN,IVE,247737946,2021
Mood (feat. Iann Dior),24kgoldn,1699402402,2020
Mood (feat. Iann Dior),Iann Dior,1699402402,2020
What Else Can I Do?,Stephanie Beatriz,154797871,2021
What Else Can I Do?,Diane Guerrero,154797871,2021
DANCE CRIP,Trueno,198883004,2021
Miserable Man,David Kushner,124407432,2022
happier,Olivia Rodrigo,850608354,2021
Praise God,Kanye West,376333030,2021
Get Into It (Yuh),Doja Cat,516784627,2021
Before You Go,Lewis Capaldi,1608045237,2019
Sky,Playboi Carti,506778838,2020
Rolling in the Deep,Adele,1472799873,2010
Sobrio,Maluma,513643924,2021
Peru,Ed Sheeran,261286503,2021
Peru,Fireboy DML,261286503,2021
favorite crime,Olivia Rodrigo,783706581,2021
Thunder,Prezioso,422691058,2021
Thunder,Gabry Ponte,422691058,2021
Thunder,LUM!X,422691058,2021
The Business,Ti??,1062345656,2020
positions,Ariana Grande,1252563873,2020
I WANNA BE YOUR SLAVE,M??ne,851070493,2021
Vai L?? Em Casa,Mar??lia Mendon??a,263894529,2021
Vai L?? Em Casa,George Henrique &,263894529,2021
The Feels,TWICE,345903614,2021
HEARTBREAK ANNIVERSARY,Giveon,951637566,2020
No Lie,Sean Paul,956865266,2016
No Lie,Dua Lipa,956865266,2016
OUT OUT (feat. Charli XCX & Saweetie),Charli XCX,427486004,2021
OUT OUT (feat. Charli XCX & Saweetie),Jax Jones,427486004,2021
OUT OUT (feat. Charli XCX & Saweetie),Joel Corry,427486004,2021
OUT OUT (feat. Charli XCX & Saweetie),Saweetie,427486004,2021
Pope Is a Rockstar,SALES,156658366,2016
2055,Sleepy hallow,624515457,2021
Bored,Billie Eilish,777765388,2017
Happier Than Ever - Edit,Billie Eilish,412795151,2021
Astronaut In The Ocean,Masked Wolf,1138474110,2019
Ley Seca,Anuel Aa,355219175,2021
Ley Seca,Jhay Cortez,355219175,2021
Every Summertime,NIKI,290228626,2021
Talking To The Moon,Bruno Mars,1062956628,2010
you broke me first,Tate McRae,1180094974,2020
The Nights,Avicii,1456081449,2014
Take My Breath,The Weeknd,432702334,2021
Way 2 Sexy (with Future & Young Thug),Drake,489945871,2021
Way 2 Sexy (with Future & Young Thug),Future,489945871,2021
Way 2 Sexy (with Future & Young Thug),Young Thug,489945871,2021
C??,Rauw Alejandro,465959382,2021
Enemy - from the series Arcane League of Legends,Imagine Dragons,1223481149,2021
Enemy - from the series Arcane League of Legends,League of Legends,1223481149,2021
Enemy - from the series Arcane League of Legends,Arcane,1223481149,2021
Dance Monkey,Tones and I,2864791672,2019
Lucid Dreams,Juice WRLD,2288695111,2017
Qu?? M??,J Balvin,720825549,2021
Qu?? M??,Maria Becerra,720825549,2021
All of Me,John Legend,2086124197,2013
Smells Like Teen Spirit - Remastered 2021,Nirvana,1690192927,1991
Arcade,Duncan Laurence,991336132,2019
Fair Trade (with Travis Scott),Drake,593917618,2021
Fair Trade (with Travis Scott),Travis Scott,593917618,2021
Bar,Tini,200972675,2021
Bar,L-Gante,200972675,2021
The Rumbling (TV Size),SiM,71014967,2022
family ties (with Kendrick Lamar),Kendrick Lamar,560222750,2021
family ties (with Kendrick Lamar),Baby Keem,560222750,2021
Mr. Brightside,The Killers,1806617704,2003
Blessed-Cursed,ENHYPEN,77337771,2022
AM Remix,J Balvin,528544703,2021
AM Remix,Nio Garcia,528544703,2021
AM Remix,Bad Bunny,528544703,2021
Streets,Doja Cat,865640097,2019
Shallow,Lady Gaga,2159346687,2018
Shallow,Bradley Cooper,2159346687,2018
Polaroid Love,ENHYPEN,211372494,2022
Leave Before You Love Me (with Jonas Brothers),Marshmello,651732901,2021
Leave Before You Love Me (with Jonas Brothers),Jonas Brothers,651732901,2021
Permission to Dance,BTS,608334048,2021
Friday (feat. Mufasa & Hypeman) - Dopamine Re-Edit,Riton,863756573,2021
Friday (feat. Mufasa & Hypeman) - Dopamine Re-Edit,Nightcrawlers,863756573,2021
Friday (feat. Mufasa & Hypeman) - Dopamine Re-Edit,Mufasa & Hypeman,863756573,2021
Friday (feat. Mufasa & Hypeman) - Dopamine Re-Edit,Dopamine,863756573,2021
RAPSTAR,Polo G,797402345,2021
'Till I Collapse,Eminem,1695712020,2002
'Till I Collapse,Nate Dogg,1695712020,2002
Memories,Maroon 5,1759567999,2019
Se Le Ve,Arcangel,223319934,2021
Se Le Ve,De La Ghetto,223319934,2021
Se Le Ve,Justin Quiles,223319934,2021
Se Le Ve,Lenny Tav??rez,223319934,2021
Se Le Ve,Sech,223319934,2021
Se Le Ve,Dalex,223319934,2021
Se Le Ve,Dimelo Flow,223319934,2021
Se Le Ve,Rich Music,223319934,2021
25k jacket (feat. Lil Baby),Gunna,54937991,2022
25k jacket (feat. Lil Baby),Lil Baby,54937991,2022
When I???m Gone (with Katy,Katy Perry,226897599,2021
When I???m Gone (with Katy,Alesso,226897599,2021
Esque??a-Me Se For C,Mar??lia Mendon??a,258316038,2021
Esque??a-Me Se For C,Maiara &,258316038,2021
Mi??n,Tini,596152090,2021
Mi??n,Maria Becerra,596152090,2021
S??,Anuel Aa,177129919,2021
S??,Myke Towers,177129919,2021
S??,Jhay Cortez,177129919,2021
MAMIII,Karol G,716591492,2022
MAMIII,Becky G,716591492,2022
Still D.R.E.,Dr. Dre,1210599487,1999
Still D.R.E.,Snoop Dogg,1210599487,1999
Stay Alive (Prod. SUGA of BTS),Jung Kook,246376690,2022
Boyfriend,Dove Cameron,496311364,2022
The Joker And The Queen (feat. Taylor Swift),Ed Sheeran,146789379,2022
The Joker And The Queen (feat. Taylor Swift),Taylor Swift,146789379,2022
The Next Episode,Dr. Dre,843309044,1999
The Next Episode,Snoop Dogg,843309044,1999
Light Switch,Charlie Puth,500340342,2022
City of Gods,Kanye West,107255472,2022
City of Gods,Alicia Keys,107255472,2022
City of Gods,Fivio Foreign,107255472,2022
Brividi,Mahmood,135079152,2022
Brividi,Blanco,135079152,2022
Lost,Frank Ocean,822239726,2012
In Da Club,50 Cent,1202722675,2002
she's all i wanna be,Tate McRae,343197054,2022
Ginseng Strip 2002,Yung Lean,240769997,2013
All For Us - from the HBO Original Series Euphoria,Labrinth,426204830,2019
All For Us - from the HBO Original Series Euphoria,Zendaya,426204830,2019
Notion,The Rare Occasions,421135627,2016
Formula,Labrinth,554875730,2019
Mount Everest,Labrinth,467727006,2019
Excuses,Intense,327498031,2020
Excuses,AP Dhillon,327498031,2020
Excuses,Gurinder Gill,327498031,2020
Cigarettes,Juice WRLD,185408548,2021
"Cay?? La Noche (feat. Cruz Cafun??, Abhir Hathi, Bejo, EL IMA)",Quevedo,245400167,2022
"Cay?? La Noche (feat. Cruz Cafun??, Abhir Hathi, Bejo, EL IMA)",La Pantera,245400167,2022
"Cay?? La Noche (feat. Cruz Cafun??, Abhir Hathi, Bejo, EL IMA)",Juseph,245400167,2022
"Cay?? La Noche (feat. Cruz Cafun??, Abhir Hathi, Bejo, EL IMA)",Cruz Cafun??,245400167,2022
"Cay?? La Noche (feat. Cruz Cafun??, Abhir Hathi, Bejo, EL IMA)",B??jo,245400167,2022
"Cay?? La Noche (feat. Cruz Cafun??, Abhir Hathi, Bejo, EL IMA)",Abhir Hathi,245400167,2022
California Love - Original Version (Explicit),Dr. Dre,579395142,1995
California Love - Original Version (Explicit),2Pac,579395142,1995
California Love - Original Version (Explicit),Roger,579395142,1995
Forgot About Dre,Eminem,675039469,1999
Forgot About Dre,Dr. Dre,675039469,1999
Down Under (feat. Colin Hay),Luude,252871192,2021
Down Under (feat. Colin Hay),Colin Hay,252871192,2021
Mujeriego,Ryan Castro,231996128,2021
HUMBLE.,Kendrick Lamar,1929770265,2017
Stan,Eminem,918915401,1999
Stan,Dido,918915401,1999
Contection,GODZZ__-,1180896317,2020
Contection,Zakaria,1180896317,2020
Swim,Chase Atlantic,498960285,2017
A Tu Merced,Bad Bunny,685071800,2020
Numb Little Bug,Em Beihold,258714692,2022
212,Mainstreet,143139338,2022
212,Chefin,143139338,2022
Problem?,Alvaro Diaz,209768491,2021
Problem?,Rauw Alejandro,209768491,2021
Bussin,Nicki Minaj,64714573,2022
Bussin,Lil Baby,64714573,2022
Worst Day,Future,50746620,2022
Malvada,Z?? Fe,154119539,2022
Hrs and Hrs,Muni Long,181328253,2021
Alien Blues,Vundabar,370068639,2015
Thinking Out Loud,Ed Sheeran,2280566092,2014
Still Don't Know My Name,Labrinth,563902868,2019
Christmas Tree,V,317622165,2021
Mal Feito - Ao Vivo,Mar??lia Mendon??a,291709698,2022
Mal Feito - Ao Vivo,Hugo & G,291709698,2022
When I R.I.P.,Labrinth,203680270,2019
Do We Have A Problem?,Nicki Minaj,81350745,2022
Do We Have A Problem?,Lil Baby,81350745,2022
Forever,Labrinth,282883169,2019
Gospel (with Eminem),Eminem,64787943,2022
Gospel (with Eminem),Dr. Dre,64787943,2022
Se??o,Shawn Mendes,2484812918,2019
Se??o,Camila Cabello,2484812918,2019
NEW MAGIC WAND,Tyler,461437791,2019
NEW MAGIC WAND,The Creator,461437791,2019
Adore You,Harry Styles,1439191367,2019
La Santa,Daddy Yankee,759208783,2020
La Santa,Bad Bunny,759208783,2020
Something In The Way - Remastered 2021,Nirvana,368646862,1991
Sweetest Pie,Dua Lipa,299634472,2022
Sweetest Pie,Megan Thee Stallion,299634472,2022
Bam Bam (feat. Ed Sheeran),Camila Cabello,756907987,2022
Bam Bam (feat. Ed Sheeran),Ed Sheeran,756907987,2022
Una Noche en Medell?,Cris Mj,682475162,2022
Envolver,Anitta,546191065,2021
Starlight,Dave,229473310,2022
Hati-Hati di Jalan,Tulus,202677468,2022
"I'm Tired - From ""Euphoria"" An Original HBO Series",Labrinth,121913181,2022
DAN??A,Mc Pedrinho,208166039,2022
DAN??A,Pedro Sampaio,208166039,2022
Yo Voy (feat. Daddy Yankee),Zion & Lennox,527033089,2004
"Residente: Bzrp Music Sessions, Vol. 49",Residente,94616487,2022
"Residente: Bzrp Music Sessions, Vol. 49",Bizarrap,94616487,2022
Jordan,Ryan Castro,394030335,2021
Nail Tech,Jack Harlow,193443895,2022
Chale,Eden Mu??,299648208,2022
DARARI,Treasure,182978249,2022
Ya No Somos Ni Seremos,Christian Nodal,319757142,2022
Thinking with My Dick,Kevin Gates,109091573,2013
Thinking with My Dick,Juicy J,109091573,2013
Freaky Deaky,Tyga,153240879,2022
Freaky Deaky,Doja Cat,153240879,2022
this is what falling in love feels like,JVKE,346127840,2021
La Zona,Bad Bunny,312622938,2020
Bohemian Rhapsody - Remastered 2011,Queen,2197010679,1975
Hope,XXXTENTACION,1200808494,2018
Levitating,Dua Lipa,797196073,2020
Wake Me Up - Radio Edit,Avicii,1970673297,2013
"jealousy, jealousy",Olivia Rodrigo,665765558,2021
Mon??y so,YEAT,263779030,2021
Demasiadas Mujeres,C. Tangana,339473453,2020
Something Just Like This,The Chainsmokers,2204080728,2017
Something Just Like This,Coldplay,2204080728,2017
Closer,The Chainsmokers,2591224264,2016
Closer,Halsey,2591224264,2016
O.O,NMIXX,135444283,2022
Somebody That I Used To Know,Gotye,1457139296,2011
Somebody That I Used To Know,Kimbra,1457139296,2011
Tom's Diner,AnnenMayKantereit,236872197,2019
Tom's Diner,Giant Rooks,236872197,2019
First Class,Jack Harlow,694525298,2022
Plan A,Paulo Londra,240661097,2022
Fuera del mercado,Danny Ocean,421365166,2022
X ??LTIMA,Daddy Yankee,349746291,2022
X ??LTIMA,Bad Bunny,349746291,2022
When You're Gone,Shawn Mendes,255120451,2022
In My Head,Lil Tjay,190981339,2022
Wait a Minute!,Willow,924193303,2015
LOVE DIVE,IVE,305771063,2022
Pantysito,Feid,273005485,2022
Pantysito,Alejo,273005485,2022
Pantysito,Robi,273005485,2022
Chance,Paulo Londra,89566512,2022
Cool for the Summer,Demi Lovato,677389855,2015
psychofreak (feat. WILLOW),Camila Cabello,75476209,2022
psychofreak (feat. WILLOW),Willow,75476209,2022
Angel Baby,Troye Sivan,408843328,2021
Vampiro,Matu??,187772591,2022
Vampiro,"Wiu,",187772591,2022
Si Quieren Frontear,De La Ghetto,178512385,2022
Si Quieren Frontear,Duki,178512385,2022
Si Quieren Frontear,Quevedo,178512385,2022
Right On,Lil Baby,101780047,2022
Me Arrepent?,Ak4:20,118381354,2022
Me Arrepent?,Cris Mj,118381354,2022
Me Arrepent?,Pailita,118381354,2022
That's Hilarious,Charlie Puth,146363130,2022
Soy El Unico,Yahritza Y Su Esencia,126443991,2022
RUMBAT?,Daddy Yankee,157990698,2022
sentaDONA (Remix) s2,Lu??sa Sonza,176290831,2022
sentaDONA (Remix) s2,MC Frog,176290831,2022
sentaDONA (Remix) s2,Dj Gabriel do Borel,176290831,2022
sentaDONA (Remix) s2,Davi K,176290831,2022
Falling,Harry Styles,1023187129,2019
Sigue,Ed Sheeran,106933107,1996
Sigue,J Balvin,106933107,1996
Fim de Semana no Rio,teto,139193812,2022
MANIAC,Stray Kids,212234990,2022
There's Nothing Holdin' Me Back,Shawn Mendes,1714490998,2016
IDGAF (with blackbear),Blackbear,197643795,2022
IDGAF (with blackbear),BoyWithUke,197643795,2022
Golden,Harry Styles,807015863,2019
Get Lucky - Radio Edit,Pharrell Williams,933815613,2013
Get Lucky - Radio Edit,Nile Rodgers,933815613,2013
Get Lucky - Radio Edit,Daft Punk,933815613,2013
Ain't Shit,Doja Cat,499710590,2021
"Nobody Like U - From ""Turning Red""",Jordan Fisher,120847157,2022
"Nobody Like U - From ""Turning Red""",Josh Levi,120847157,2022
"Nobody Like U - From ""Turning Red""",Finneas O'Connell,120847157,2022
"Nobody Like U - From ""Turning Red""",4*TOWN (From Disney and Pixar???s Turning Red),120847157,2022
"Nobody Like U - From ""Turning Red""",Topher Ngo,120847157,2022
"Nobody Like U - From ""Turning Red""",Grayson Vill,120847157,2022
Still Life,BIGBANG,53909146,2022
Photograph,Ed Sheeran,2236667932,2014
Love Yourself,Justin Bieber,2123309722,2015
N95,Kendrick Lamar,301242089,2022
About Damn Time,Lizzo,723894473,2022
Die Hard,Kendrick Lamar,237351106,2022
Die Hard,Blxst,237351106,2022
Die Hard,Amanda Reifer,237351106,2022
Despu??s de la P,Bad Bunny,461558540,2022
Un Ratito,Bad Bunny,417230415,2022
United In Grief,Kendrick Lamar,156898322,2022
Father Time (feat. Sampha),Kendrick Lamar,127309180,2022
Father Time (feat. Sampha),Sampha,127309180,2022
Yo No Soy Celoso,Bad Bunny,313113297,2022
Rich Spirit,Kendrick Lamar,173702135,2022
Cooped Up (with Roddy Ricch),Post Malone,271666301,2022
Cooped Up (with Roddy Ricch),Roddy Ricch,271666301,2022
Me Fui de Vacaciones,Bad Bunny,305650299,2022
Silent Hill,Kendrick Lamar,123216717,2022
Silent Hill,Kodak Black,123216717,2022
La Corriente,Tony Dize,479655659,2022
La Corriente,Bad Bunny,479655659,2022
Count Me Out,Kendrick Lamar,126191104,2022
Andrea,Buscabulla,344055883,2022
Andrea,Bad Bunny,344055883,2022
Dos Mil 16,Bad Bunny,338422004,2022
We Cry Together,Kendrick Lamar,68895644,2022
We Cry Together,Taylour Paige,68895644,2022
Savior,Kendrick Lamar,86176890,2022
Savior,Sam Dew,86176890,2022
Savior,Baby Keem,86176890,2022
Un Coco,Bad Bunny,403231558,2022
Otro Atardecer,Bad Bunny,319546754,2022
Otro Atardecer,The Mar??,319546754,2022
Worldwide Steppers,Kendrick Lamar,61739839,2022
Aguacero,Bad Bunny,283359161,2022
Purple Hearts,Kendrick Lamar,76831876,2022
Purple Hearts,Ghostface Killah,76831876,2022
Purple Hearts,Summer Walker,76831876,2022
Un Verano Sin Ti,Bad Bunny,283332261,2022
ULTRA SOLO,Polima WestCoast,307752576,2022
ULTRA SOLO,Pailita,307752576,2022
Ens????ame,Bad Bunny,279737940,2022
El Apag?,Bad Bunny,212351890,2022
Callaita,Bad Bunny,1304313953,2019
Callaita,Tainy,1304313953,2019
Dua Lipa,Jack Harlow,150500965,2022
Agosto,Bad Bunny,246127838,2022
House Of Memories,Panic! At The Disco,582863434,2016
Mr. Morale,Kendrick Lamar,58687425,2022
Mr. Morale,Tanna Leone,58687425,2022
That That (prod. & feat. SUGA of BTS),PSY,212109195,2022
That That (prod. & feat. SUGA of BTS),Suga,212109195,2022
In The Stars,Benson Boone,382199619,2022
Rich - Interlude,Kendrick Lamar,41210087,2022
SUPERMODEL,M??ne,231657891,2022
Stefania (Kalush Orchestra),KALUSH,53729194,2022
Thousand Miles,The Kid Laroi,244741137,2022
Crown,Kendrick Lamar,42485571,2022
Auntie Diaries,Kendrick Lamar,37778188,2022
PUFFIN ON ZOOTIEZ,Future,254218729,2022
Mirror,Kendrick Lamar,53603447,2022
Beautiful Girl,Luciano,160035717,2022
"Paulo Londra: Bzrp Music Sessions, Vol. 23",Bizarrap,164163229,2022
"Paulo Londra: Bzrp Music Sessions, Vol. 23",Paulo Londra,164163229,2022
Savior - Interlude,Kendrick Lamar,37091576,2022
Pasoori,Shae Gill,284249832,2022
Pasoori,Ali Sethi,284249832,2022
Mother I Sober (feat. Beth Gibbons of Portishead),Kendrick Lamar,33381454,2022
Mother I Sober (feat. Beth Gibbons of Portishead),Beth Gibbons,33381454,2022
TUS L??GR,Sech,184622518,2022
TUS L??GR,Mora,184622518,2022
Where Did You Go?,MNEK,300983101,2022
Where Did You Go?,Jax Jones,300983101,2022
I Tried to Tell Y'all,Ugly Dray,121077868,2022
I Tried to Tell Y'all,Tesla Jnr,121077868,2022
Honest (feat. Don Toliver),Justin Bieber,106919680,2022
Honest (feat. Don Toliver),Don Toliver,106919680,2022
ZOOM,Jessi,136996305,2022
SloMo,Chanel,65719930,2021
FEARLESS,LE SSERAFIM,229497852,2022
10 Things I Hate About You,Leah Kate,185550869,2022
SPACE MAN,Sam Ryder,54682594,2022
With you,HA SUNG WOON,240580042,2022
With you,Jimin,240580042,2022
Iris,The Goo Goo Dolls,1284942608,1998
The Heart Part 5,Kendrick Lamar,71423324,2022
San Lucas,Kevin Kaarl,244891912,2019
This Love (Taylor???s Ve,Taylor Swift,132171975,2022
Good Looking,Suki Waterhouse,184706613,2017
Flowers,Lauren Spencer Smith,184826429,2021
Yet To Come,BTS,302006641,2022
Run BTS,BTS,330881149,2022
Music For a Sushi Restaurant,Harry Styles,334733572,2022
Matilda,Harry Styles,366214458,2022
For Youth,BTS,114546317,2022
Daylight,Harry Styles,290833204,2022
Vegas (From the Original Motion Picture Soundtrack ELVIS),Doja Cat,448500832,2022
Cash In Cash Out,Pharrell Williams,136676504,2022
Cash In Cash Out,Tyler,136676504,2022
Cash In Cash Out,The Creator,136676504,2022
Cash In Cash Out,21 Savage,136676504,2022
Potion (with Dua Lipa & Young Thug),Calvin Harris,190625045,2022
Potion (with Dua Lipa & Young Thug),Dua Lipa,190625045,2022
Potion (with Dua Lipa & Young Thug),Young Thug,190625045,2022
Born Singer,BTS,79095270,2022
Little Freak,Harry Styles,273194684,2022
La Llevo Al Cielo (Ft. ??engo F,Nengo Flow,333146475,2022
La Llevo Al Cielo (Ft. ??engo F,Anuel Aa,333146475,2022
La Llevo Al Cielo (Ft. ??engo F,Chris Jedi,333146475,2022
La Llevo Al Cielo (Ft. ??engo F,Chencho Corleone,333146475,2022
True Love,Kanye West,194902696,2022
True Love,XXXTENTACION,194902696,2022
Satellite,Harry Styles,311482393,2022
Pass The Dutchie,Musical Youth,195918494,1982
"Villano Antillano: Bzrp Music Sessions, Vol. 51",Bizarrap,248511839,2022
"Villano Antillano: Bzrp Music Sessions, Vol. 51",Villano Antillano,248511839,2022
Love Of My Life,Harry Styles,233671263,2022
Grapejuice,Harry Styles,199587884,2022
So Good,Halsey,91781263,2022
Belly Dancer,BYOR,383835984,2022
Belly Dancer,Imanbek,383835984,2022
Keep Driving,Harry Styles,236060709,2022
Cinema,Harry Styles,189236868,2022
Die Young (feat. 347aidan),Sleepy hallow,160845341,2022
Die Young (feat. 347aidan),347aidan,160845341,2022
Only Love Can Hurt Like This,Paloma Faith,588955257,2014
Hold My Hand,Lady Gaga,238350348,2022
Daydreaming,Harry Styles,187703102,2022
Numb,Marshmello,295307001,2022
Numb,Khalid,295307001,2022
Nos Comemos (feat. Ozuna),Ozuna,138334433,2022
Nos Comemos (feat. Ozuna),Tiago pzk,138334433,2022
Me and Your Mama,Childish Gambino,445590495,2016
Crazy What Love Can Do,David Guetta,286739476,2022
Crazy What Love Can Do,Ella Henderson,286739476,2022
Crazy What Love Can Do,Becky Hill,286739476,2022
SLOW DANCING IN THE DARK,Joji,1122364376,2018
Antes de Perderte,Duki,157136970,2022
Boyfriends,Harry Styles,137070925,2022
295,Sidhu Moose Wala,183273246,2021
Tak Ingin Usai,Keisya Levronka,184807630,2022
En El Radio Un Cochinero,Victor Cibrian,164856284,2022
Master of Puppets (Remastered),Metallica,704171068,1986
BREAK MY SOUL,Beyonc?,354614964,2022
ULTRA SOLO REMIX,De La Ghetto,279717388,2022
ULTRA SOLO REMIX,Feid,279717388,2022
ULTRA SOLO REMIX,Polima WestCoast,279717388,2022
ULTRA SOLO REMIX,Paloma Mami,279717388,2022
ULTRA SOLO REMIX,Pailita,279717388,2022
Massive,Drake,195628667,2022
Betty (Get Money),Yung Gravy,221752937,2022
Ojos Marrones,Lasso,263280370,2022
POP!,Nayeon,213505179,2022
Layla,Sch??rze,130419412,2022
Layla,DJ R,130419412,2022
MORE,j-hope,155795783,2022
Sweet Child O' Mine,Guns N' Roses,1553497987,1987
Last Last,Burna Boy,293466523,2022
SNAP,Rosa Linn,711366595,2022
Sticky,Drake,191448892,2022
Hot Shit (feat. Ye & Lil Durk),Kanye West,85924992,2022
Hot Shit (feat. Ye & Lil Durk),Lil Durk,85924992,2022
Hot Shit (feat. Ye & Lil Durk),Cardi B,85924992,2022
Ai Preto,L7nnon,176103902,2022
Ai Preto,DJ Biel do Furduncinho,176103902,2022
Ai Preto,Bianca,176103902,2022
La Loto,Anitta,121189256,2022
La Loto,Tini,121189256,2022
La Loto,Becky G,121189256,2022
die first,Nessa Barrett,131746175,2022
Afraid To Feel,LF System,244790012,2022
Baile no Morro,Mc Vitin Da Igrejinha,129314708,2022
Baile no Morro,MC Tairon,129314708,2022
Baile no Morro,DJ Win,129314708,2022
c??mo dormi,Rels B,331511413,2022
Bad Decisions (with BTS & Snoop Dogg),Snoop Dogg,219196651,2022
Bad Decisions (with BTS & Snoop Dogg),BTS,219196651,2022
Bad Decisions (with BTS & Snoop Dogg),Benny Blanco,219196651,2022
STAYING ALIVE (feat. Drake & Lil Baby),Drake,170732845,2022
STAYING ALIVE (feat. Drake & Lil Baby),DJ Khaled,170732845,2022
STAYING ALIVE (feat. Drake & Lil Baby),Lil Baby,170732845,2022
Caile,Luar La L,273914335,2020
Si Te La Encuentras Por Ah?,Feid,179061440,2022
GIVENCHY,Duki,185236961,2022
ALIEN SUPERSTAR,Beyonc?,171788484,2022
Mary On A Cross,Ghost,387080183,2019
Attention,NewJeans,264717480,2022
THE SHADE,Rex Orange County,244928911,2022
"Come Back Home - From ""Purple Hearts""",Sofia Carson,97610446,2022
El Rescate,Grupo Marca Registrada,287278853,2022
El Rescate,Junior H,287278853,2022
Heartless,Kanye West,887906111,2008
"Stay With Me (with Justin Timberlake, Halsey, & Pharrell)",Calvin Harris,123473120,2022
"Stay With Me (with Justin Timberlake, Halsey, & Pharrell)",Halsey,123473120,2022
"Stay With Me (with Justin Timberlake, Halsey, & Pharrell)",Pharrell Williams,123473120,2022
"Stay With Me (with Justin Timberlake, Halsey, & Pharrell)",Justin Timberlake,123473120,2022
Siempre Pendientes,Peso Pluma,295152154,2022
Siempre Pendientes,Luis R Conriquez,295152154,2022
JGL,Luis R Conriquez,323455692,2022
JGL,La Adictiva,323455692,2022
Don't You Worry,David Guetta,240918092,2022
Don't You Worry,Shakira,240918092,2022
Don't You Worry,Black Eyed Peas,240918092,2022
Pipoco,Melody,191873381,2022
Pipoco,Ana Castela,191873381,2022
Pipoco,Dj Chris No Beat,191873381,2022
Hold Me Closer,Elton John,284216603,2017
Hold Me Closer,Britney Spears,284216603,2017
Forget Me,Lewis Capaldi,239411309,2022
After LIKE,IVE,265548837,2022
Bound 2,Kanye West,703301727,2013
B.O.T.A. (Baddest Of Them All) - Edit,Interplanetary Criminal,244585109,2022
B.O.T.A. (Baddest Of Them All) - Edit,Eliza Rose,244585109,2022
Talk that Talk,TWICE,189476119,2022
BILLIE EILISH.,Armani White,277132266,2022
Ferxxo 100,Feid,278920007,2022
KU LO SA - A COLORS SHOW,Oxlade,222410722,2022
Prohibidox,Feid,185392587,2022
Static,Steve Lacy,202452860,2022
The Scientist,Coldplay,1608164312,2002
Sparks,Coldplay,624101957,2000
Talk,YEAT,148461629,2022
XQ Te Pones As?,Yandel,47093942,2022
XQ Te Pones As?,Feid,47093942,2022
Selfish,PnB Rock,380319238,2016
Sin Se??,Ovy On The Drums,209106362,2022
Sin Se??,Quevedo,209106362,2022
Lady Mi Amor,Feid,53987404,2022
Poland,Lil Yachty,115331792,2022
THE LONELIEST,M??ne,225093344,2022
Bye Bye,Marshmello,84697729,2022
Bye Bye,Juice WRLD,84697729,2022
BABY OTAKU,Fran C,159240673,2022
BABY OTAKU,Polima WestCoast,159240673,2022
BABY OTAKU,Nickoog Clk,159240673,2022
BABY OTAKU,Pablito Pesadilla,159240673,2022
Nxde,(G)I-DLE,170709584,2022
Miss You,Southstar,154356956,1982
we fell in love in october,girl in red,723043854,2018
2 Be Loved (Am I Ready),Lizzo,247689123,2022
Celestial,Ed Sheeran,176474912,2022
Typa Girl,BLACKPINK,235549288,2022
I Really Want to Stay at Your House,Rosa Walton,140430339,2020
I Really Want to Stay at Your House,Hallie Coggins,140430339,2020
California Breeze,Lil Baby,85559365,2022
Bamba (feat. Aitch & BIA),Luciano,146223492,2022
Bamba (feat. Aitch & BIA),Aitch,146223492,2022
Bamba (feat. Aitch & BIA),B?,146223492,2022
Casei Com a Putaria,MC Ryan SP,187701588,2022
Casei Com a Putaria,Love Funk,187701588,2022
Casei Com a Putaria,Mc Paiva ZS,187701588,2022
Major Distribution,Drake,154863153,2022
Major Distribution,21 Savage,154863153,2022
Pussy & Millions (feat. Travis Scott),Drake,191333656,2022
Pussy & Millions (feat. Travis Scott),Travis Scott,191333656,2022
Pussy & Millions (feat. Travis Scott),21 Savage,191333656,2022
Vigilante Shit,Taylor Swift,253650850,2022
Question...?,Taylor Swift,223064273,2022
On BS,Drake,170413877,2022
On BS,21 Savage,170413877,2022
Mastermind,Taylor Swift,218320587,2022
Circo Loco,Drake,141720999,2022
Circo Loco,21 Savage,141720999,2022
Labyrinth,Taylor Swift,187339835,2022
Spin Bout U,Drake,198365537,2022
Spin Bout U,21 Savage,198365537,2022
Sweet Nothing,Taylor Swift,186104310,2022
"Would've, Could've, Should've",Taylor Swift,177503916,2022
Con La Brisa,Ludwig Goransson,71095708,2022
Con La Brisa,Foudeqush,71095708,2022
Privileged Rappers,Drake,112436403,2022
Privileged Rappers,21 Savage,112436403,2022
The Astronaut,Jin,203436468,2022
BackOutsideBoyz,Drake,93367537,2022
Broke Boys,Drake,106249219,2022
Broke Boys,21 Savage,106249219,2022
The Great War,Taylor Swift,181382590,2022
My Mind & Me,Selena Gomez,91473363,2022
Bigger Than The Whole Sky,Taylor Swift,121871870,2022
A Veces (feat. Feid),Feid,73513683,2022
A Veces (feat. Feid),Paulo Londra,73513683,2022
En La De Ella,Feid,133895612,2022
En La De Ella,Sech,133895612,2022
En La De Ella,Jhayco,133895612,2022
Alone,Burna Boy,96007391,2022
